trial	onset	contrast	stimulus_position	response	correct	logC_5th_perc	logC_mean	logC_95th_perc
1	117.74230909347534	0.6760829753919818	lower_left	right	False	-1.3274433268132002	-0.5	0.3174433268131992
2	124.81077599525452	0.8511380382023764	upper_left	left	True	-0.5482432360968025	-0.1085500580647224	0.4831955954063234
3	131.9941279888153	0.7585775750291838	upper_right	right	True	-0.5860985759785284	-0.16950608097756897	0.4377964057299928
4	138.06088304519653	0.6165950018614821	upper_right	right	True	-0.6212029638109023	-0.23001064157827128	0.38904095824456186
5	147.061026096344	1.0	upper_left	right	False	-0.6610225692663558	-0.28262855679708315	0.34627331503186887
6	152.87776899337769	1.0	lower_left	left	True	-0.4289117210848472	-0.04201817293736898	0.5141954323611233
7	158.67786407470703	0.8709635899560807	lower_left	right	False	-0.455834855909636	-0.09114734533083263	0.47261134163510443
8	164.8779571056366	1.0	upper_right	right	True	-0.39241738674588933	-0.025475584129854012	0.5195248753905635
9	170.71139216423035	0.8912509381337456	lower_left	left	True	-0.41461641395003807	-0.06723635060798999	0.48288214847916
10	176.67812514305115	1.0	lower_left	left	True	-0.43294503408108365	-0.10415162225166524	0.44801064565747106
11	182.74491000175476	0.9120108393559098	lower_left	left	True	-0.44957937609551557	-0.1513997660538	0.39402211707524537
12	189.11165595054626	1.0	lower_right	right	True	-0.4640531790027468	-0.1928667261236226	0.3388323787731756
13	195.31174612045288	1.0	lower_left	left	True	-0.47600822858110153	-0.23805616189759926	0.26002218402325117
14	201.34516406059265	0.8511380382023764	lower_left	left	True	-0.4859453113143238	-0.2785690440607978	0.1659823052911653
15	207.37859892845154	1.0	lower_left	left	True	-0.49549814478975807	-0.3083355338937823	0.08402713141044504
16	213.39534616470337	0.6165950018614821	lower_right	right	True	-0.5026302111217382	-0.3383837235077181	-0.02895822495075079
17	219.49541115760803	0.4570881896148751	lower_left	left	True	-0.5093908690122728	-0.3515741784321924	-0.07057091603528948
18	225.41212916374207	0.4786300923226383	upper_left	left	True	-0.5137346451668756	-0.357730442905587	-0.08781677816691003
19	231.44561409950256	0.436515832240166	lower_left	right	False	-0.5186227344099937	-0.36498832635383416	-0.10747986664657366
20	238.0124089717865	0.5011872336272722	lower_left	left	True	-0.5129738538700943	-0.3577982685475306	-0.09085651465556854
21	244.0624451637268	1.0	lower_right	right	True	-0.5179043870190904	-0.36538984882541714	-0.11299880979623667
22	250.11246609687805	0.4570881896148751	upper_left	left	True	-0.5234956993079845	-0.3856766052874486	-0.1916880887505844
23	256.0126280784607	0.4168693834703354	lower_right	right	True	-0.5277223973435746	-0.39090080806530797	-0.20329203426012477
24	262.3793239593506	0.6760829753919818	lower_left	left	True	-0.5313626878406549	-0.39502454091130934	-0.21182291455905944
25	268.39604806900024	0.3981071705534972	lower_right	right	True	-0.5398906549955683	-0.4075823394416544	-0.2407749260992279
26	274.34619212150574	0.5495408738576245	lower_left	left	True	-0.5445300086892852	-0.4114343820729527	-0.24698234583032425
27	280.29621410369873	0.40738027780411273	upper_left	left	True	-0.5537387926601911	-0.42027745355169344	-0.2623470241337391
28	286.86300897598267	0.436515832240166	upper_left	left	True	-0.560509952020763	-0.42515385950986584	-0.26877413207473133
29	292.996376991272	0.40738027780411273	lower_left	left	True	-0.5713652571762012	-0.431645372841815	-0.2764462263403438
30	304.87999200820923	0.42657951880159267	lower_right	right	True	-0.5860291220378421	-0.4383612248717968	-0.28287360541113615
31	310.9635081291199	0.436515832240166	lower_left	left	True	-0.613232849064785	-0.4474503550516129	-0.2904870205214948
32	316.89692306518555	0.37153522909717257	upper_left	left	True	-0.668822113401794	-0.45961652482321685	-0.29869088907020147
33	323.6635820865631	0.37153522909717257	lower_left	right	False	-0.7477116491815463	-0.4735148250525635	-0.30453712989415505
34	329.66370916366577	0.36307805477010135	upper_left	left	True	-0.613755323818438	-0.4485267251570964	-0.29651184083072946
35	335.5804340839386	0.3801893963205612	lower_right	right	True	-0.6421029060093868	-0.45501397232692276	-0.3012961128753574
36	341.9305670261383	0.436515832240166	lower_left	right	False	-0.6859309631340255	-0.4638266876797616	-0.30686835841985927
37	348.2139389514923	0.37153522909717257	upper_right	right	True	-0.5962422522425831	-0.4449085414267611	-0.2959475322496649
38	354.68071007728577	0.4570881896148751	lower_left	right	False	-0.6120989193261079	-0.4500557580565287	-0.30074869763488
39	361.8141260147095	0.6165950018614821	lower_left	left	True	-0.5759844490732156	-0.4375094813746565	-0.28997426327347836
40	367.69764399528503	0.36307805477010135	upper_left	left	True	-0.592284136101418	-0.4487182112672053	-0.3062146349405414
41	373.8310079574585	0.3801893963205612	lower_left	left	True	-0.6024377132665402	-0.4527619293927853	-0.31033524651584254
42	380.0644340515137	0.36307805477010135	lower_right	right	True	-0.616658659336835	-0.4577883469276295	-0.3147448776292331
43	385.9645161628723	0.3981071705534972	lower_right	right	True	-0.6327996946888498	-0.46278261168451157	-0.31900287317000364
44	393.59807300567627	0.3467368504525316	lower_right	right	True	-0.6562330700719328	-0.46985780366452384	-0.3243856693258166
45	399.86470913887024	0.38904514499428056	lower_left	right	False	-0.6761658880350154	-0.475725645404389	-0.32835931351010994
46	405.8314640522003	0.436515832240166	upper_right	left	False	-0.6342768849704463	-0.4646083787716527	-0.321688376585347
47	411.8982560634613	0.3981071705534972	upper_left	left	True	-0.5985555055891636	-0.453346523400214	-0.31287100206805885
48	418.73168301582336	0.36307805477010135	upper_left	right	False	-0.6110957529837051	-0.4585045454551015	-0.3180261679382556
49	425.0817530155182	0.37153522909717257	upper_right	right	True	-0.597001592984396	-0.45335646173265126	-0.3135434230506838
50	431.79855513572693	0.35481338923357547	upper_left	left	True	-0.6068896313407436	-0.4575099691357138	-0.31769965343801165
51	437.79862904548645	0.38904514499428056	lower_left	left	True	-0.6173388604140951	-0.4614676418549192	-0.32135427005973116
52	444.16539311408997	0.36307805477010135	upper_right	right	True	-0.632432359150183	-0.4669739421796951	-0.3260977780998547
53	450.4654779434204	1.0	lower_right	right	True	-0.6473124023492656	-0.4720820242841571	-0.3303372342118616
54	457.13223004341125	0.35481338923357547	lower_right	left	False	-0.6530762869029467	-0.4804102716066622	-0.3474416077175388
55	465.7657310962677	0.3981071705534972	upper_right	right	True	-0.6328855349887613	-0.474240351758762	-0.34361189168224215
56	473.2991850376129	0.38904514499428056	upper_left	right	False	-0.6492962777680752	-0.4802234608716211	-0.3481660665206079
57	480.0659370422363	0.3801893963205612	lower_left	left	True	-0.6246523154146536	-0.472340181430758	-0.3430238499947287
58	485.86602306365967	0.36307805477010135	lower_right	right	True	-0.6378616109944708	-0.4772634152366702	-0.34683070493243756
59	492.1494290828705	0.40738027780411273	upper_right	right	True	-0.6509613417060508	-0.48207389415371893	-0.35042421568731746
60	498.13286900520325	0.33884415613920255	lower_right	left	False	-0.6680803233532893	-0.48911637126595797	-0.3551322023680777
61	505.93303394317627	0.46773514128719823	lower_right	right	True	-0.6514299744583791	-0.4832781811810054	-0.3518637359328862
62	511.8831100463867	0.33884415613920255	lower_right	right	True	-0.6708516135249641	-0.49251927425681297	-0.3589502529715907
63	518.3498411178589	0.37153522909717257	upper_right	right	True	-0.681852006558455	-0.4975730098911013	-0.36191094400914503
64	525.3499400615692	0.31622776601683794	lower_left	right	False	-0.694932611052708	-0.504614939019837	-0.36598092632911783
65	532.4834110736847	0.3311311214825911	upper_right	right	True	-0.6822546353538106	-0.49867172672271065	-0.3630062777664921
66	538.7001490592957	0.5370317963702527	upper_right	right	True	-0.6922254328295427	-0.5038790128941883	-0.36594212642834234
67	544.4502120018005	0.42657951880159267	upper_right	right	True	-0.7083696604595119	-0.5178736729322108	-0.3761200113018628
68	550.3003740310669	0.35481338923357547	upper_right	right	True	-0.7215557917893071	-0.5295378455242111	-0.3828174293089351
69	557.3337099552155	0.35481338923357547	lower_left	right	False	-0.7311129664449695	-0.5384711495532163	-0.3873228976566414
70	563.3004710674286	0.3467368504525316	lower_right	right	True	-0.7146221487615273	-0.5256567155924092	-0.38166468506837586
71	569.0339980125427	0.31622776601683794	upper_right	right	True	-0.7235799457764217	-0.5335130427901694	-0.3855883907110802
72	575.1340479850769	0.31622776601683794	lower_right	right	True	-0.7306695007181631	-0.5402865415878756	-0.38905091768167155
73	581.2341480255127	0.31622776601683794	upper_left	right	False	-0.7378350281819054	-0.5475888371511132	-0.39242578835132
74	587.2497589588165	0.37153522909717257	upper_left	left	True	-0.7271733812885803	-0.5379944754997222	-0.3882817884268524
75	593.517578125	0.30902954325135906	upper_right	right	True	-0.7365989266508619	-0.5484353175548722	-0.39353048727306844
76	599.3176851272583	0.31622776601683794	lower_left	right	False	-0.7429535877469355	-0.5557080028920867	-0.3970151271859251
77	605.4510779380798	0.28840315031266056	lower_right	right	True	-0.7326947058772177	-0.5455076051541803	-0.39255275424005515
78	611.6346390247345	0.588843655355589	lower_right	right	True	-0.738009670271502	-0.5512614949752438	-0.3952161411230833
79	617.5846979618073	0.35481338923357547	upper_right	right	True	-0.7464455100165646	-0.5692034044813901	-0.4085362653047497
80	623.6847810745239	0.28183829312644537	upper_right	right	True	-0.7536464172573003	-0.5801372463494089	-0.4140836752392604
81	630.1015639305115	0.31622776601683794	lower_left	right	False	-0.7579149580498635	-0.5866046665615254	-0.4173382787247132
82	636.2015731334686	0.35481338923357547	lower_left	left	True	-0.7487946699259405	-0.5747467094964065	-0.4118684667791105
83	641.951632976532	0.31622776601683794	upper_right	right	True	-0.7558069005443395	-0.5858473882826113	-0.4177288259482022
84	648.7184219360352	0.5495408738576245	lower_left	left	True	-0.7609577242760382	-0.5947433119548103	-0.42237570490265686
85	654.8185069561005	0.31622776601683794	upper_left	left	True	-0.7670693222842944	-0.6131841430292754	-0.43655602615381817
86	660.9352650642395	0.36307805477010135	upper_right	left	False	-0.7715592584261364	-0.6223026230189896	-0.44214518994348995
87	667.018660068512	0.33884415613920255	lower_left	right	False	-0.7588912399908571	-0.6018833590675142	-0.43109153309472115
88	673.3687400817871	0.3019951720402016	upper_left	right	False	-0.748889586292903	-0.5873059930961648	-0.4235123120401064
89	679.8688790798187	0.29512092266663853	lower_right	right	True	-0.7423028429536672	-0.5783192917910789	-0.41920933333121807
90	686.5189681053162	0.29512092266663853	lower_left	left	True	-0.7466122755969624	-0.584704102326722	-0.4224833229352323
91	693.3023450374603	0.35481338923357547	upper_right	right	True	-0.7505803626494862	-0.5913141517394865	-0.42601592710027825
92	699.7190971374512	0.3467368504525316	lower_right	left	False	-0.756565091615216	-0.6020043858997535	-0.43236136636893274
93	707.9859471321106	0.3467368504525316	lower_right	right	True	-0.7462466239597834	-0.5867570712285515	-0.42434716573763764
94	714.4526541233063	0.28840315031266056	lower_left	left	True	-0.7516635198028572	-0.5965501685513551	-0.4302545537855162
95	720.6860880851746	0.2754228703338166	lower_left	left	True	-0.7554830752517712	-0.6029130558141189	-0.4336837331792374
96	726.5028591156006	0.3467368504525316	upper_left	left	True	-0.7585485325227225	-0.6086369302674599	-0.4370434845927136
97	733.25292801857	0.35481338923357547	lower_left	left	True	-0.7636916712075887	-0.6190111763184311	-0.4436970344739183
98	739.0530841350555	0.23988329190194904	upper_right	left	False	-0.7684244512373757	-0.6299507975975176	-0.4514244921874182
99	745.9031269550323	0.42657951880159267	lower_right	left	False	-0.7660114410085045	-0.6253628799571811	-0.44852108352897174
100	752.1866180896759	0.31622776601683794	upper_left	left	True	-0.7466829238383668	-0.593562733747227	-0.43028197667667195