trial	onset	masked	operant	practice	catch	contrast	stimulus_position	event_t	event_angle	resp_angle	overest_t	overest_angle	initial_offset_angle	aware
1	918.5616059303284	True	True	True	False	0.5584128372610653	lower_left	3.1701059341430664	-4.676601170306666	-4.514797732038694	-0.06592465154460696	-0.16180343826797206	-0.8813034974942225	False
2	951.5490889549255	True	True	True	False	0.5584128372610653	lower_left	2.9502201080322266	-2.2666207783390973	-2.05561275045052	-0.08597240491658134	-0.2110080278885773	1.0148139607406528	False
3	971.066085100174	True	True	True	False	0.5584128372610653	lower_left	3.5659899711608887	-1.0729440869933136	-4.553978631400561	-1.1416989316708932	-2.8021507627723388	0.8018398153695309	False
4	991.5996699333191	True	True	True	False	0.5584128372610653	lower_left	2.6219990253448486	-4.904253787252484	-4.990515029754339	0.035145992042032226	0.08626124250185452	1.0366126942304004	False
5	1008.1665949821472	True	True	True	True	0.5584128372610653	lower_left	3.259848117828369	-2.3992213189808194	-2.3651234708473154	-0.013892713162864398	-0.034097848133503916	-1.021280933931852	True
6	1088.3286111354828	True	True	False	False	0.5584128372610653	lower_left	3.2088370323181152	-4.316619113167979	-4.772351152890422	0.18568193752877754	0.4557320397224425	-0.9220621992396589	False
7	1105.5680811405182	True	True	False	False	0.5584128372610653	lower_left	3.2603960037231445	-0.13140483676823322	-2.925360679845911	1.1383600210081184	2.7939558430776774	-0.9838585133725938	False
8	1124.2017040252686	True	True	False	False	0.5584128372610653	lower_left	6.944571018218994	-4.909643608873387	-4.754040889641726	-0.06339825132610345	-0.1556027192316609	0.9041853437198238	False
9	1142.285285949707	True	True	False	False	0.5584128372610653	lower_left	7.588636875152588	-1.4860903661547438	-2.1913000696586282	0.2873282821862736	0.7052097035038845	0.822635161230216	False
10	1165.2023079395294	True	True	False	False	0.5584128372610653	lower_left	4.017477035522461	-2.498639968991178	-2.6218048941087826	0.05018190501890545	0.1231649251176048	-0.8410679338481084	False
11	1181.31920003891	True	True	False	False	0.5584128372610653	lower_left	2.926949977874756	-2.4538900838309967	-2.3769446847217006	-0.03135037597804338	-0.0769453991092961	0.9298387171737232	False
12	1195.502776145935	True	True	False	False	0.5584128372610653	lower_left	7.631006956100464	-2.4182527377579177	-3.4165256213401767	0.40673296378039475	0.998272883582259	1.0020380638206616	False
13	1217.519786119461	True	True	False	False	0.5584128372610653	lower_left	4.819453954696655	-0.3971236750972613	-3.3711184534152188	1.2117144824288983	2.973994778317957	-0.8571012910357304	False
14	1268.270525932312	True	True	False	False	0.5584128372610653	lower_left	10.999597072601318	-3.6359273454454355	-2.381281421191167	-0.5111887377284264	-1.2546459242542687	0.8189953804947324	False
15	1291.7375559806824	True	True	False	False	0.5584128372610653	lower_left	14.095272064208984	-3.109523551635945	-4.235965791046005	0.4589538573046149	1.1264422394100597	0.9597716321144636	False
16	1320.9379720687866	True	True	False	False	0.5584128372610653	lower_left	9.780809879302979	-2.659338346523727	-3.315583639106427	0.26737838642002903	0.6562452925827	0.8102403406360158	False
17	1343.1549789905548	True	True	False	False	0.5584128372610653	lower_left	8.461193084716797	-1.268975051273932	-3.8297140659596756	1.0433389367180947	2.560739014685744	-0.787457223889884	False
18	1365.5552999973297	True	True	False	False	0.5584128372610653	lower_left	16.64022994041443	-4.695246359356036	-2.538188258191436	-0.878864535902115	-2.1570581011645995	1.0280482412807308	False
19	1395.0057361125946	True	True	False	True	0.5584128372610653	lower_left	8.069200038909912	-2.5203312265780125	-2.8568762486807984	0.13712077783201165	0.3365450221027859	-0.9010499520447204	True
20	1414.9893591403961	True	True	False	False	0.5584128372610653	lower_left	13.222761869430542	-0.32609950993593184	-5.320971830812023	-0.5249059328503873	-1.2883129863034952	0.9508372129686676	False
21	1438.2397191524506	True	True	False	False	0.5584128372610653	lower_left	6.550976037979126	-1.781003936508231	-2.1557654368449346	0.1526915718633507	0.3747615003367035	-1.0374412007033222	False
22	1456.2399499416351	True	True	False	True	0.5584128372610653	lower_left	9.51455307006836	-0.6600433707840363	-2.3899577173824054	0.7048305136299946	1.7299143465983686	-0.8340695664731436	False
23	1477.423602104187	True	True	False	False	0.5584128372610653	lower_left	10.758891820907593	-3.848029260084952	-4.016794456348305	0.06876112693039732	0.16876519626335273	-0.9418915133576856	False
24	1498.557242155075	True	True	False	False	0.5584128372610653	lower_left	8.325951099395752	-4.3411361582682915	-0.6873705609382204	1.0713219693716671	2.6294197098495147	0.9785031032574729	True
25	1525.5243120193481	True	True	False	False	0.5584128372610653	lower_left	11.766637086868286	-6.048417166719363	-2.4493516839474663	1.093608801037911	2.6841198244076896	0.8133563719715706	True
26	1553.9247181415558	True	True	False	False	0.5584128372610653	lower_left	11.358335971832275	-1.2776358066350824	-5.380639780587592	-0.8882857882106058	-2.1801813332270763	-1.0043627824235128	False
27	1582.5584769248962	True	True	False	False	0.5584128372610653	lower_left	6.3037428855896	-1.9768436745828613	-5.523785023235592	-1.1148460838525034	-2.736243958526855	0.9875058603372568	False
28	1601.8754019737244	True	True	False	False	0.5584128372610653	lower_left	4.146115064620972	-5.73258503635795	-2.328273435016738	1.1729586709029387	2.878873705838375	0.8333598008448575	False
29	1620.9590029716492	True	True	False	False	0.5584128372610653	lower_left	11.383654832839966	-4.545031629922013	-1.0547392684524421	1.1379269576607578	2.7928929457100153	-0.7987179214587218	True
30	1646.8927221298218	True	True	False	False	0.5584128372610653	lower_left	7.3866941928863525	-1.8695444543939583	-0.6244672369635115	-0.5072900958340049	-1.2450772174304467	0.9260092135502346	False
31	1664.5096440315247	True	True	False	False	0.5584128372610653	lower_left	6.781029939651489	-0.1995345212575419	-0.7959994616950508	0.2430216797482047	0.5964649404375089	0.931379924296559	True
32	1684.8599181175232	True	True	False	False	0.5584128372610653	lower_left	5.076332092285156	-3.1948814761527284	-5.484667025684128	0.9329425634004842	2.2897855495313992	-0.847843608918954	False
33	1702.0267689228058	True	True	False	False	0.5584128372610653	lower_left	7.5027549266815186	-3.2993026316021776	-6.125414385724623	1.1514615178206575	2.8261117541224454	-1.0221503475690032	True
34	1721.977070093155	True	True	False	False	0.5584128372610653	lower_left	8.496231079101562	-2.2492765113773774	-4.507970218637238	0.9202746072088709	2.2586937072598605	-0.7922080740411764	False
35	1743.5440430641174	True	True	False	False	0.5584128372610653	lower_left	11.952878952026367	-4.391544718354887	-0.3075468858897536	0.8960295869096647	2.199187474714453	-0.843148458223587	True
36	1768.3611450195312	True	True	False	False	0.5584128372610653	lower_left	11.730902910232544	-3.2824824327153106	-0.7484844470755764	-1.0324436613106414	-2.533997985639734	-0.8775752866180174	False
37	1796.4114890098572	True	True	False	False	0.5584128372610653	lower_left	15.617669105529785	-2.7925317557726816	-0.15446520440428196	-1.074845009550516	-2.6380665513683996	-0.9207688765263692	True
38	1827.911924123764	True	True	False	False	0.5584128372610653	lower_left	5.199643850326538	-5.093679196128183	-1.546515779190113	1.1147556050932952	2.736021890241516	-0.8952449447787627	False
39	1849.278902053833	True	True	False	False	0.5584128372610653	lower_left	7.3163580894470215	-1.8600082940689866	-2.1144589930867443	0.10367254149597241	0.25445069901775774	0.8316076988052767	False
40	1867.9624869823456	True	True	False	True	0.5584128372610653	lower_left	7.55295205116272	-2.2024570310968468	-3.3410759232072107	0.4639150719415855	1.1386188921103635	-0.9177256586548244	False
41	1885.6627559661865	True	True	False	False	0.5584128372610653	lower_left	3.130876064300537	-2.832159422852104	-2.5120965230816474	-0.13040535705291265	-0.32006289977045643	0.896839676015474	True
42	1899.59628200531	True	True	False	False	0.5584128372610653	lower_left	3.141983985900879	-4.572802770888169	-4.529931219340849	-0.017467441527743807	-0.0428715515473197	-0.8284295359716898	False
43	1919.9299459457397	True	True	False	False	0.5584128372610653	lower_left	2.7236921787261963	-4.33490512332749	-4.349946796100099	0.006128528829776738	0.01504167277260926	0.8808031073526094	False
44	1933.7801070213318	True	True	False	False	0.5584128372610653	lower_left	5.47591495513916	-5.580817203195942	-5.50448280082359	-0.031101433511745526	-0.07633440237235245	0.9414995667398198	False
45	1950.9137060642242	True	True	False	False	0.5584128372610653	lower_left	7.015163898468018	-3.6008971635694422	-4.136814153568584	0.21835222539595067	0.5359169899991416	-0.7936257623639191	False
46	1966.1805839538574	True	True	False	False	0.5584128372610653	lower_left	11.694692850112915	-1.1376394629038824	-2.351796157958715	0.49469194164760466	1.2141566950548324	1.0070474858035816	False
47	1992.1309549808502	True	True	False	True	0.5584128372610653	lower_left	3.6846699714660645	-2.250593047497251	-2.70439937968464	0.18489733369350578	0.4538063321873893	-1.0428549547354948	False
48	2005.5811409950256	True	True	False	True	0.5584128372610653	lower_left	2.8228671550750732	-2.2120362899654924	-2.3004411197605363	0.03601936807700201	0.08840482979504394	0.942430259664114	False
49	2019.6313409805298	True	True	False	False	0.5584128372610653	lower_left	4.7536280155181885	-1.9966080111862077	-4.9240269868993245	1.1927377932435346	2.927418975713117	0.9259407634556698	True
50	2040.5483191013336	True	True	False	False	0.5584128372610653	lower_left	7.43090295791626	-0.6770393757336803	-1.3130648921885633	0.2591401084835078	0.6360255164548829	1.0452174270677619	False
1	2074.025778055191	True	False	True	False	0.0	lower_left	5.027261972427368	-1.3407756919157467	-2.3002495716942937	0.3909248274798456	0.9594738797785469	-0.8367554167476917	False
2	2091.882362127304	True	False	True	False	0.0	lower_left	3.6525800228118896	-6.064873661473769	-6.006161218192942	-0.023921601457014167	-0.05871244328082703	-0.873947875753631	False
3	2108.582597017288	True	False	True	True	0.0	lower_left	3.8901360034942627	-3.642168918228687	-4.818541108899455	0.4792971495964018	1.1763721906707687	-0.9984304192760414	False
4	2125.9661841392517	True	False	True	False	0.0	lower_left	6.4770050048828125	-2.1589014350276443	-2.2084525555658114	0.020188942769642587	0.049551120538167126	0.9812839689209879	False
5	2145.766461133957	True	False	True	False	0.0	lower_left	4.187341928482056	-0.22156355362239477	-0.5283519801315388	0.12499685007952625	0.30678842650914406	-0.9326525879664835	False
6	2166.6270880699158	True	False	False	False	0.0	lower_left	5.275454998016357	-1.4955146759092925	-1.448600017120151	-0.01911475161538948	-0.04691465878914158	-1.014600046427737	False
7	2183.700334072113	True	False	False	False	0.0	lower_left	3.701464891433716	-2.196980510142268	-2.170019115168381	-0.01098506056383255	-0.026961394973886943	1.0209809455237853	False
8	2199.4830989837646	True	False	False	True	0.0	lower_left	4.302340984344482	-6.1826462662840935	-6.047296646423186	-0.05514639627896923	-0.1353496198609072	0.8409807822882739	True
9	2213.634092092514	True	False	False	False	0.0	lower_left	5.653985023498535	-1.2320969977683625	-1.4622960011256003	0.09379151175457848	0.23019900335723786	-0.8253835490568666	False
10	2228.9843089580536	True	False	False	False	0.0	lower_left	9.154811143875122	-0.34241499090703975	-1.1327329981924616	0.3220045247334694	0.7903180072854221	-0.7903180072854219	False
11	2246.601226091385	True	False	False	False	0.0	lower_left	8.01967191696167	-1.7880615751139355	-1.8668057722639233	0.03208327223353164	0.07874419714998782	-0.7905112827289439	False
12	2264.4848189353943	True	False	False	False	0.0	lower_left	10.414340019226074	-0.029176247980299053	-0.7715176470366962	0.302457095991242	0.7423413990563974	-0.9386909399057586	False
13	2283.968418121338	True	False	False	False	0.0	lower_left	9.890086889266968	-5.509446443476422	-5.5815559303602456	0.029380048080334495	0.07210948688382324	-1.023177575372893	False
14	2304.268702983856	True	False	False	False	0.0	lower_left	6.845278978347778	-2.1318164743085966	-2.1582595333939985	0.010773871523616679	0.0264430590854019	-1.0388703790899583	False
15	2321.518937110901	True	False	False	False	0.0	lower_left	8.595118045806885	-1.8350195319206684	-1.9908383947175439	0.06348631613716635	0.15581886279687573	1.022278382299293	False
16	2342.1525671482086	True	False	False	False	0.0	lower_left	6.537854194641113	-2.4313187261034095	-2.21526179603789	-0.08802951272751958	-0.2160569300655193	0.798969629462069	False
17	2359.8361580371857	True	False	False	True	0.0	lower_left	9.510098934173584	-0.3607758064136126	-0.7307475394654988	0.15074004510587613	0.36997173305188635	-1.0265155102669383	False
18	2379.253098011017	True	False	False	False	0.0	lower_left	3.680669069290161	-3.9952152367061053	-5.250548600634828	0.5114688258494297	1.255333363928723	-1.0160323610185729	False
19	2391.9698810577393	True	False	False	False	0.0	lower_left	4.569983959197998	-1.6547470319064104	-2.1257238416022655	0.19189321560255038	0.4709768096958551	0.9893729003712749	False
20	2408.653485059738	True	False	False	False	0.0	lower_left	9.889754056930542	-0.0448779532724366	-0.26405176228261007	0.08929944345663518	0.21917380901017358	-0.8511738936190555	False
21	2428.870428085327	True	False	False	False	0.0	lower_left	6.8336241245269775	-0.6882092264817992	-0.9372680865154386	0.10147570865967678	0.24905886003363964	-0.9976414845218298	False
22	2446.1373341083527	True	False	False	False	0.0	lower_left	6.997822999954224	-0.116972594368276	-0.4753713442256844	0.1460247875526714	0.3583987498574084	-0.8185929862230992	False
23	2461.9208900928497	True	False	False	False	0.0	lower_left	8.93949294090271	-2.6078740788418457	-2.7487379550761064	0.057393106446764916	0.14086387623426067	-0.9385338859348205	False
24	2480.854471921921	True	False	False	False	0.0	lower_left	11.093569040298462	-3.4278190189003688	-4.332767231236739	0.36870907196289887	0.9049482123363699	-0.8129093650632351	False
25	2500.638102054596	True	False	False	False	0.0	lower_left	10.837285041809082	-3.0106452165180295	-2.5638542100764874	-0.18203903284268616	-0.4467910064415421	-1.0442383193833462	False
26	2523.8550860881805	True	False	False	False	0.0	lower_left	4.486777067184448	-4.613414385950662	-5.249094641167266	0.25899943639971873	0.6356802552166041	0.8185335316989415	False
27	2541.288670063019	True	False	False	False	0.0	lower_left	7.421273946762085	-1.8616415603708507	-0.34711526319501385	-0.6170735273937902	-1.5145262971758369	-0.9459788865927525	True
28	2564.3389830589294	True	False	False	False	0.0	lower_left	12.472012996673584	-6.220721861241589	-0.578864632727395	0.26130056668985613	0.6413280786653921	-1.046299006667199	False
29	2585.7726249694824	True	False	False	True	0.0	lower_left	4.251549005508423	-1.5176055403341202	-5.371107282251609	-0.9899421428751424	-2.4296835652620974	-1.0187052459047996	True
30	2608.5729489326477	True	False	False	True	0.0	lower_left	11.294259071350098	-4.121623283425549	-4.519021824482874	0.1619147319981589	0.3973985410573251	0.9218249365243316	False
31	2631.8066120147705	True	False	False	False	0.0	lower_left	15.12709093093872	-4.405431150102434	-4.472844145994339	0.027466525503565598	0.06741299589190497	1.0063735556280444	False
32	2657.6736340522766	True	False	False	False	0.0	lower_left	9.132260799407959	-2.998639915646571	-4.0257882231148585	0.41849786988045296	1.0271483074682877	0.9363471010253952	False
33	2681.490644931793	True	False	False	False	0.0	lower_left	10.061486959457397	-2.576385133039576	-2.2667091835299145	-0.1261733327901154	-0.3096759495096615	0.8619090331485003	False
34	2701.324240922928	True	False	False	False	0.0	lower_left	3.2687630653381348	-2.2502311826063828	-2.2634096070747733	0.005369373174547308	0.01317842446839057	-0.8415280499266639	False
35	2714.524420976639	True	False	False	False	0.0	lower_left	11.048014163970947	-0.8560741312295708	-0.9639892362242359	0.04396856932910552	0.10791510499466517	0.9045122150098533	False
36	2736.7580931186676	True	False	False	False	0.0	lower_left	8.596092939376831	-0.7210973086740067	-0.8449502890183052	0.05046224393845365	0.12385298034429848	-0.8969792974386591	True
37	2755.358402967453	True	False	False	False	0.0	lower_left	11.827262878417969	-5.612334936376278	-5.524898522364801	-0.0356247999901594	-0.08743641401147695	-0.8636316744775911	False
38	2777.8086111545563	True	False	False	False	0.0	lower_left	8.114819049835205	-4.748823382164889	-4.831756583863781	0.03379002623184852	0.08293320169889196	-0.8192439798839704	False
39	2795.958894968033	True	False	False	False	0.0	lower_left	7.169102907180786	-1.5037371829555966	-1.5763997471905271	0.029605392065847204	0.07266256423493056	-0.8887403433901028	False
40	2813.6258130073547	True	False	False	False	0.0	lower_left	19.91415786743164	-1.1277857199904187	-0.9087912071174016	-0.08922639163838056	-0.2189945128730173	1.0289363688766335	False
41	2843.742854118347	True	False	False	False	0.0	lower_left	10.972875833511353	-0.37051364222892325	-0.7799307907603632	0.16681155321694052	0.40941714853143996	0.9711655605656114	False
42	2866.126538038254	True	False	False	False	0.0	lower_left	7.138926029205322	-0.351890982269075	-0.7375918830429851	0.15714868457770093	0.38570090077391006	-0.9808854464735368	False
43	2882.493441104889	True	False	False	True	0.0	lower_left	6.823683977127075	-4.640621016253984	-4.644900677756408	0.0017436909641493671	0.0042796615024238704	1.008147658502086	False
44	2904.0604150295258	True	False	False	False	0.0	lower_left	3.51289701461792	-0.46380510569586253	-0.7878257685189622	0.13201789478965403	0.3240206628230995	1.019746507364698	False
45	2918.793937921524	True	False	False	False	0.0	lower_left	5.457820177078247	-2.129311161702325	-2.370236017745403	0.09816161728757558	0.24092485604307834	-0.9710997110766674	False
46	2934.7441470623016	True	False	False	False	0.0	lower_left	9.403198003768921	-2.631506506953656	-2.5578959512736175	-0.029991638528561414	-0.07361055568003838	-0.9265449180214326	False
47	2954.9610810279846	True	False	False	False	0.0	lower_left	8.04151201248169	-2.809908313679337	-3.1056415151153547	0.12049254616302964	0.2957332014360179	-0.9522769786510938	False
48	2973.061366081238	True	False	False	False	0.0	lower_left	7.030564069747925	-1.4302229383433929	-1.5259350655114896	0.03899662887076528	0.09571212716809674	-0.8933821368686391	False
49	2990.028249025345	True	False	False	False	0.0	lower_left	4.250355005264282	-0.41122102945369043	-0.5570025251027373	0.05939672484832104	0.14578149564904663	-0.7900534265610141	False
50	3004.7451219558716	True	False	False	False	0.0	lower_left	6.380107879638672	-0.17238140853614325	-0.15318467507493705	-0.007821452855215596	-0.019196733461206428	-0.858240277209378	False